Workbook

Sheet Overview
A1: HDI Workshop Studio — Dev Tracker
A2: Companion to docs/workshop/PRD.md and ROADMAP.md. Update Status columns in Development and Testing sheets; this sheet computes itself.
A4: Phase | B4: Name | C4: Dev tasks | D4: Dev done | E4: Dev progress | F4: Tests | G4: Tests passed | H4: Test progress
A5: 1 | B5: Accounts, planner, idea bank | C5: =COUNTIF(Development!B:B,A5) | D5: =COUNTIFS(Development!B:B,A5,Development!F:F,"Done") | E5: =IF(C5=0,0,D5/C5) | F5: =COUNTIF(Testing!B:B,A5) | G5: =COUNTIFS(Testing!B:B,A5,Testing!F:F,"Pass") | H5: =IF(F5=0,0,G5/F5)
A6: 2 | B6: Templates, renderer, player, print | C6: =COUNTIF(Development!B:B,A6) | D6: =COUNTIFS(Development!B:B,A6,Development!F:F,"Done") | E6: =IF(C6=0,0,D6/C6) | F6: =COUNTIF(Testing!B:B,A6) | G6: =COUNTIFS(Testing!B:B,A6,Testing!F:F,"Pass") | H6: =IF(F6=0,0,G6/F6)
A7: 3 | B7: AI generation | C7: =COUNTIF(Development!B:B,A7) | D7: =COUNTIFS(Development!B:B,A7,Development!F:F,"Done") | E7: =IF(C7=0,0,D7/C7) | F7: =COUNTIF(Testing!B:B,A7) | G7: =COUNTIFS(Testing!B:B,A7,Testing!F:F,"Pass") | H7: =IF(F7=0,0,G7/F7)
A8: 4 | B8: Participant interaction | C8: =COUNTIF(Development!B:B,A8) | D8: =COUNTIFS(Development!B:B,A8,Development!F:F,"Done") | E8: =IF(C8=0,0,D8/C8) | F8: =COUNTIF(Testing!B:B,A8) | G8: =COUNTIFS(Testing!B:B,A8,Testing!F:F,"Pass") | H8: =IF(F8=0,0,G8/F8)
A9: 5 | B9: Polish (optional) | C9: =COUNTIF(Development!B:B,A9) | D9: =COUNTIFS(Development!B:B,A9,Development!F:F,"Done") | E9: =IF(C9=0,0,D9/C9) | F9: =COUNTIF(Testing!B:B,A9) | G9: =COUNTIFS(Testing!B:B,A9,Testing!F:F,"Pass") | H9: =IF(F9=0,0,G9/F9)
B10: TOTAL | C10: =SUM(C5:C9) | D10: =SUM(D5:D9) | E10: =IF(C10=0,0,D10/C10) | F10: =SUM(F5:F9) | G10: =SUM(G5:G9) | H10: =IF(F10=0,0,G10/F10)
A12: Note: Phase 5 test cases are defined when each polish task is scheduled (see ROADMAP.md).

Sheet Development
A1: ID | B1: Phase | C1: Task | D1: File(s) | E1: Depends on | F1: Status | G1: Notes
A2: D1.1 | B2: 1 | C2: Router with auth + blob sync | D2: tools/workshop.js | E2: — | F2: Not started | G2: Copy tools/poker.js: users/user_data/user_snapshots schema, requireAuth, signup/login (bcrypt 12), rev'd GET/PUT /data with 409+authoritative state, snapshots
A3: D1.2 | B3: 1 | C3: Frontend scaffold + brand chrome | D3: static/workshop/index.html, styles.css, src/api.js | E3: D1.1 | F3: Not started | G3: Hash-route SPA shell; HDI brand vars (#BD0129/#8E011F/#51000C), Merriweather + Be Vietnam Pro, logo asset
A4: D1.3 | B4: 1 | C4: Sync store (DataProvider port) | D4: static/workshop/src/store.js | E4: D1.1 | F4: Not started | G4: Vanilla port of hdpg-poker.html DataProvider (~lines 3186-3330): 800ms debounce, pagehide flush, adopt-server-on-409
A5: D1.4 | B5: 1 | C5: Auth screens | D5: static/workshop/src/planner.js | E5: D1.2 | F5: Not started | G5: Login/signup forms; JWT in localStorage
A6: D1.5 | B6: 1 | C6: Seeds module + merge | D6: static/workshop/src/seeds.js | E6: D1.3 | F6: Not started | G6: planItemTypes (FR-2.5), ideaBank (PRD App. A, ~34 entries), interactionTemplates (App. C), seedVersion merge
A7: D1.6 | B7: 1 | C7: Dashboard + DEFINE block | D7: static/workshop/src/planner.js | E7: D1.4 | F7: Not started | G7: Workshop cards, create/duplicate/delete (snapshot first), DEFINE form (FR-1.1)
A8: D1.7 | B8: 1 | C8: Run-sheet | D8: static/workshop/src/planner.js | E8: D1.6 | F8: Not started | G8: Sections, type badges, inline edit, item detail panel, HTML5 drag reorder, live timing math (FR-2.3)
A9: D1.8 | B9: 1 | C9: Item type manager | D9: static/workshop/src/planner.js | E9: D1.7 | F9: Not started | G9: CRUD taxonomy: name, category S/A/structural, color
A10: D1.9 | B10: 1 | C10: Idea bank UI | D10: static/workshop/src/planner.js | E10: D1.5 | F10: Not started | G10: Browse/search/filter, CRUD+duplicate, add-to-plan (copy, keeps bankRef), save-to-bank
A11: D1.10 | B11: 1 | C11: Homepage card | D11: static/index.html | E11: D1.2 | F11: Not started | G11: Card linking to /workshop/, existing card markup
A12: D2.1 | B12: 2 | C12: Renderer | D12: static/workshop/src/renderer.js | E12: D1.5 | F12: Not started | G12: PRD §4.4 pipeline: {{key}} substitution, marked (esm.sh) for markdown, data-list, computed context, data-step(+auto), CSS scoping, JS hook loader
A13: D2.2 | B13: 2 | C13: Built-in slide templates (13) | D13: static/workshop/src/seeds.js | E13: D2.1 | F13: Not started | G13: PRD App. B #1-11 and #18; hand-authored + previewed
... A36: D5.6 | B36: 5 | C36: Snapshot restore UI | D36: static/workshop/src/planner.js | E36: D1.3 | F36: Not started | G36: Browse/restore user_snapshots (endpoints exist)

Sheet Testing
A1: ID | B1: Phase | C1: Test case | D1: Steps | E1: Expected | F1: Status | G1: Notes
A2: T1.1 | B2: 1 | C2: Auth round-trip | D2: Sign up new user; log out; log back in; try wrong password; try duplicate username | E2: Login works; wrong password rejected; duplicate username → 409 message | F2: Untested
A3: T1.2 | B3: 1 | C3: Workshop persistence cross-device | D3: Create workshop with full DEFINE block; reload; open in second browser profile | E3: Identical state in both; nothing lost on reload | F3: Untested
A4: T1.3 | B4: 1 | C4: Two-tab conflict safety | D4: Open two tabs; edit different fields in both quickly | E4: Stale tab gets 409-handled: adopts server state, no data loss, no crash | F4: Untested
A5: T1.4 | B5: 1 | C5: Timing math | D5: Add 2 sections + 6 items with durations and types | E5: Section subtotals, total, over/under-target delta, per-item clock times all correct | F5: Untested
A6: T1.5 | B6: 1 | C6: Drag reorder | D6: Drag item to another section; drag a section above another; reload | E6: Order + subtotals update; section moves its block; persists | F6: Untested
A7: T1.6 | B7: 1 | C7: Custom item type | D7: Add type with custom color in type manager; assign to an item | E7: Appears in dropdown; badges row with its color | F7: Untested
A8: T1.7 | B8: 1 | C8: Idea bank copy semantics | D8: Search 'brainwriting'; Add to plan; then edit the bank entry | E8: Plan item pre-filled; later bank edit does NOT change the inserted item | F8: Untested
A9: T1.8 | B9: 1 | C9: Pagehide flush | D9: Edit a field and immediately kill the tab (within debounce window); reopen | E9: Change survived (keepalive flush) | F9: Untested
A10: T2.1 | B10: 2 | C10: Built-in templates render | D10: Preview all 13 built-in templates with sample data in editor | E10: Each renders correctly, brand fonts/colors, no console errors | F10: Untested
A11: T2.2 | B11: 2 | C11: No orphan slides | D11: Create slide via item '+' and via global new-slide dialog | E11: Both paths force attachment (existing item or new item inline); orphan impossible | F11: Untested
A12: T2.3 | B12: 2 | C12: Step reveals deterministic | D12: Bullets slide with 4 bullets: step through, back-arrow, jump from overview grid | E12: One bullet per keypress; back works; jump lands with correct step state | F12: Untested
A13: T2.4 | B13: 2 | C13: Plan→deck sync | D13: Reorder plan items; retime an item with an instructions slide | E13: Deck order follows immediately; slide shows new duration without editing the slide | F13: Untested
... A31: T4.8 | B31: 4 | C31: Session end state | D31: End session; open join page; open read mode | E31: Join page says session ended; results still visible in read mode | F31: Untested
